{"stats":{"minecraft:used":{"minecraft:trident":1,"minecraft:shield":15,"minecraft:torch":38,"eidolon:silver_pickaxe":95,"mekanismtools:osmium_sword":33,"minecraft:furnace":8,"minecraft:egg":2,"minecraft:cooked_beef":6,"minecraft:cooked_mutton":9,"minecraft:diorite":1,"minecraft:stone_pickaxe":124,"minecraft:wooden_pickaxe":21,"minecraft:crafting_table":5,"minecraft:white_bed":1,"mekanismtools:osmium_pickaxe":3,"minecraft:apple":1,"tombstone:tablet_of_assistance":1,"minecraft:iron_pickaxe":256,"travelersbackpack:white_sleeping_bag":3,"tombstone:magic_scroll":1,"minecraft:stone_axe":41,"minecraft:cobblestone":119},"minecraft:killed":{"minecraft:spider":1,"minecraft:chicken":1,"ars_nouveau:starbuncle":1,"minecraft:creeper":3,"minecraft:zombie":8},"minecraft:crafted":{"minecraft:oak_planks":16,"minecraft:raw_iron":2,"alltheores:lead_ingot":6,"minecraft:furnace":3,"minecraft:cooked_mutton":11,"eidolon:silver_pickaxe":1,"alltheores:tin_ingot":47,"alltheores:silver_ingot":23,"minecraft:stone_pickaxe":1,"eidolon:silver_chestplate":1,"eidolon:silver_helmet":1,"mekanismtools:osmium_pickaxe":1,"mekanismtools:osmium_sword":1,"sophisticatedbackpacks:backpack":1,"alltheores:osmium_ingot":28,"minecraft:crafting_table":2,"alltheores:nickel_ingot":41,"minecraft:air":168,"minecraft:shield":1,"minecraft:stick":6,"minecraft:iron_ingot":51,"minecraft:iron_pickaxe":1,"minecraft:gold_ingot":21,"minecraft:iron_leggings":1,"forbidden_arcanus:arcane_crystal_dust":2,"minecraft:torch":12,"eidolon:silver_boots":1},"minecraft:dropped":{"minecraft:enchanted_book":6,"biomesoplenty:lavender":1,"paraglider:spirit_orb":1,"minecraft:stick":8,"alltheores:osmium_ingot":23,"minecraft:dirt":10,"minecraft:diorite":1,"minecraft:iron_leggings":1,"quark:jasper":1,"minecraft:chainmail_leggings":2,"twigs:twig":5,"powah:uraninite_raw":5,"eidolon:silver_chestplate":1,"minecraft:pink_tulip":1,"minecraft:stone_axe":1,"minecraft:polished_diorite_slab":1,"mekanismtools:osmium_pickaxe":2,"minecraft:rotten_flesh":19,"minecraft:andesite":1,"minecraft:oak_sapling":9,"minecraft:wooden_pickaxe":1,"minecraft:stone_pickaxe":3,"immersiveengineering:seed":2},"minecraft:custom":{"lootr:looted_stat":13,"minecraft:mob_kills":14,"minecraft:interact_with_anvil":1,"minecraft:interact_with_crafting_table":26,"minecraft:damage_dealt_resisted":0,"minecraft:leave_game":2,"minecraft:time_since_death":146120,"minecraft:climb_one_cm":2982,"minecraft:damage_resisted":0,"minecraft:sprint_one_cm":152204,"minecraft:walk_one_cm":172156,"minecraft:damage_blocked_by_shield":888,"minecraft:drop":42,"minecraft:play_time":146120,"minecraft:sneak_time":14053,"minecraft:walk_under_water_one_cm":5028,"minecraft:boat_one_cm":26214,"minecraft:jump":1673,"minecraft:walk_on_water_one_cm":18380,"minecraft:total_world_time":146120,"minecraft:interact_with_furnace":92,"minecraft:sleep_in_bed":5,"minecraft:time_since_rest":13308,"minecraft:waystone_activated":1,"minecraft:damage_taken":1393,"minecraft:damage_dealt":3175,"tombstone:cast_on_ally":0,"minecraft:swim_one_cm":11543,"minecraft:fly_one_cm":224502,"minecraft:open_chest":4,"minecraft:crouch_one_cm":53018,"tombstone:undead_killed":8,"minecraft:interact_with_smoker":1,"minecraft:fall_one_cm":57497},"minecraft:picked_up":{"minecraft:crafting_table":3,"minecraft:chicken":1,"minecraft:leather_leggings":1,"minecraft:wooden_pickaxe":1,"minecraft:enchanted_book":3,"forbidden_arcanus:xpetrified_orb":6,"minecraft:string":2,"mysticalagriculture:inferium_essence":34,"delightful:acorn":2,"minecraft:oak_boat":1,"delightful:green_tea_leaf":2,"minecraft:chest":1,"minecraft:egg":2,"minecraft:furnace":5,"eidolon:silver_chestplate":1,"minecraft:raw_iron":43,"minecraft:stick":5,"apotheosis:gem":7,"croptopia:greenbean_seed":1,"minecraft:torch":4,"mysticalagriculture:prosperity_shard":12,"minecraft:fire_charge":1,"minecraft:diorite":44,"crafting_on_a_stick:crafting_table":1,"minecraft:rotten_flesh":19,"alltheores:raw_osmium":28,"minecraft:cobblestone":154,"biomesoplenty:lavender":1,"minecraft:polished_diorite_slab":1,"minecraft:feather":1,"minecraft:cooked_beef":6,"minecraft:andesite":1,"minecraft:leather":7,"paraglider:spirit_orb":1,"minecraft:oak_log":16,"gtceu:red_granite_cobblestone":2,"minecraft:gunpowder":2,"minecraft:dirt":11,"alltheores:raw_tin":47,"minecraft:bone":6,"theurgy:sal_ammoniac_crystal":16,"minecraft:apple":1,"thermal:tea_seeds":3,"minecraft:stone_pickaxe":2,"artifacts:kitty_slippers":1,"enderio:dark_steel_ingot":1,"minecraft:powered_rail":1,"twigs:twig":5,"minecraft:cooked_porkchop":8,"alltheores:raw_lead":6,"powah:uraninite_raw":5,"minecraft:spruce_log":1,"minecraft:white_bed":1,"forbidden_arcanus:arcane_crystal":2,"alltheores:raw_nickel":41,"quark:jasper":1,"travelersbackpack:white_sleeping_bag":4,"immersiveengineering:seed":2,"minecraft:stone_axe":1,"minecraft:chainmail_leggings":1,"evilcraft:dark_gem":35,"alltheores:raw_silver":57,"mekanismtools:osmium_pickaxe":1,"deepresonance:resonating_crystal_natural":2,"tombstone:magic_scroll":1,"minecraft:oak_sapling":9,"minecraft:coal":113},"minecraft:mined":{"mysticalagriculture:prosperity_ore":5,"alltheores:osmium_ore":26,"minecraft:grass_block":3,"travelersbackpack:white_sleeping_bag":3,"quark:jasper":1,"mysticalagriculture:inferium_ore":10,"forbidden_arcanus:arcane_crystal_ore":2,"minecraft:furnace":5,"minecraft:iron_ore":43,"deepresonance:resonating_crystal_natural":2,"biomesoplenty:lavender":1,"evilcraft:dark_ore":7,"alltheores:lead_ore":6,"powah:uraninite_ore_poor":3,"alltheores:silver_ore":57,"minecraft:smooth_sandstone_stairs":1,"minecraft:stone":116,"alltheores:nickel_ore":41,"lootr:lootr_chest":1,"lootr:lootr_barrel":1,"powah:uraninite_ore":1,"minecraft:smooth_sandstone":2,"minecraft:crafting_table":4,"minecraft:polished_diorite_slab":1,"minecraft:cobblestone":6,"theurgy:sal_ammoniac_ore":16,"gtceu:red_granite":2,"minecraft:diorite":44,"supplementaries:urn":2,"forbidden_arcanus:xpetrified_ore":6,"evilcraft:dark_ore_deepslate":1,"alltheores:deepslate_osmium_ore":4,"alltheores:tin_ore":47,"minecraft:grass":3,"minecraft:oak_log":16,"minecraft:coal_ore":40,"minecraft:dirt":3,"minecraft:oak_leaves":3,"minecraft:deepslate":1},"minecraft:broken":{"minecraft:iron_pickaxe":1}},"DataVersion":3465}