{"stats":{"minecraft:picked_up":{"irons_spellbooks:scroll":2,"alltheores:raw_aluminum_block":7,"minecraft:wheat":9,"minecraft:anvil":6,"twigs:roseate_seashell":1,"immersiveengineering:craftingtable":2,"minecraft:potion":5,"minecraft:enchanted_book":15,"silentgear:sinew":16,"minecraft:string":8,"integrateddynamics:menril_log":1,"computercraft:speaker":2,"minecraft:iron_leggings":1,"thermal:barley_seeds":1,"minecraft:experience_bottle":2,"mysticalagriculture:inferium_essence":5,"reliquary:zombie_heart":1,"delightful:acorn":1,"twigs:pebble":2,"delightful:green_tea_leaf":1,"minecraft:furnace":10,"tombstone:scroll_of_lightning_resistance":2,"minecraft:tipped_arrow":12,"minecraft:stick":13,"apotheosis:gem":4,"railcraft:sulfur_dust":135,"minecraft:torch":10,"potionsmaster:bezoar":13,"minecraft:porkchop":28,"tombstone:grave_dust":2,"minecraft:goat_horn":2,"minecraft:stone_sword":1,"productivebees:sturdy_bee_cage":5,"minecraft:rotten_flesh":14,"aether:chainmail_gloves":1,"evilcraft:condensed_blood":44,"minecraft:iron_bars":2,"minecraft:cobblestone":194,"enderio:loot_capacitor":2,"occultism:datura_seeds":3,"minecraft:leather_chestplate":1,"farmersdelight:onion_crate":6,"minecraft:brown_wool":1,"integrateddynamics:crystalized_menril_chunk":2,"minecraft:potato":27,"farmersdelight:bacon":8,"biomesoplenty:fir_log":8,"paraglider:spirit_orb":14,"minecraft:smooth_sandstone_stairs":2,"supplementaries:flax_seeds":3,"advancedperipherals:geo_scanner":2,"silentgear:dried_sinew":1,"minecraft:dirt":5,"alltheores:raw_tin":76,"farmersdelight:iron_knife":2,"theurgy:sal_ammoniac_crystal":3,"minecraft:bow":2,"minecraft:wheat_seeds":6,"minecraft:grindstone":3,"enderio:dark_steel_sword":2,"minecraft:powered_rail":1,"twigs:twig":6,"quark:shale":13,"immersiveengineering:circuit_table":2,"farmersdelight:ham":1,"minecraft:barrel":4,"minecraft:dark_oak_log":17,"travelersbackpack:white_sleeping_bag":15,"minecraft:bundle":1,"minecraft:blue_terracotta":4,"minecraft:lever":2,"alltheores:raw_aluminum":160,"minecraft:crossbow":1,"minecraft:granite":1,"minecraft:emerald":10,"minecraft:oak_sapling":7,"alltheores:osmium_ingot":23,"minecraft:crafting_table":3,"create_new_age:thorium":5,"computercraft:monitor_normal":10,"enderio:broken_spawner":4,"aether:leather_gloves":2,"minecraft:iron_shovel":2,"computercraft:turtle_normal":2,"reliquary:chelicerae":1,"computercraft:computer_advanced":2,"minecraft:beef":32,"immersiveengineering:crate":8,"minecraft:oak_boat":3,"immersiveengineering:workbench":2,"minecraft:light_gray_wool":7,"minecraft:minecart":2,"minecraft:sugar_cane":26,"minecraft:chest":3,"minecraft:egg":3,"minecraft:raw_iron":132,"farmersdelight:minced_beef":10,"minecraft:redstone":1,"croptopia:yam_seed":4,"minecraft:tnt":2,"advancedperipherals:environment_detector":4,"minecraft:arrow":6,"minecraft:shears":2,"minecraft:pink_tulip":7,"minecraft:yellow_terracotta":2,"minecraft:gold_ingot":3,"minecraft:white_wool":51,"minecraft:mutton":39,"forbidden_arcanus:spawner_scrap":2,"silentgear:flax_seeds":8,"minecraft:leather":39,"pneumaticcraft:logistics_core":2,"minecraft:oak_log":26,"minecraft:lily_pad":3,"tombstone:gift":1,"minecraft:kelp":2,"minecraft:spruce_wood":1,"enderio:wood_gear":4,"minecraft:iron_ingot":10,"minecraft:stone_pickaxe":1,"minecraft:book":118,"croptopia:peanut_seed":3,"sushigocrafting:cucumber_seeds":3,"pneumaticcraft:ingot_iron_compressed":4,"powah:uraninite_raw":5,"minecraft:spruce_sapling":1,"minecraft:white_bed":1,"minecraft:spruce_log":45,"minecraft:leather_helmet":1,"minecraft:pumpkin_seeds":5,"evilcraft:dark_gem":5,"mekanismtools:osmium_pickaxe":2,"advancedperipherals:energy_detector":2,"advancedperipherals:player_detector":2,"tombstone:magic_scroll":2,"minecraft:black_wool":5,"minecraft:stripped_dark_oak_log":2,"minecraft:coal":284,"minecraft:ender_pearl":1},"minecraft:dropped":{"biomesoplenty:fir_log":8,"farmersdelight:iron_knife":2,"occultism:datura_seeds":3,"minecraft:porkchop":18,"minecraft:cooked_beef":6,"minecraft:oak_log":3,"minecraft:ender_pearl":1,"enderio:loot_capacitor":1,"minecraft:cooked_porkchop":8,"minecraft:crossbow":1,"minecraft:leather":26,"immersiveengineering:workbench":1,"minecraft:leather_helmet":2,"paraglider:spirit_orb":10,"minecraft:emerald":9,"twigs:pebble":2,"minecraft:dirt":4,"minecraft:dark_oak_log":10,"advancedperipherals:environment_detector":2,"alltheores:raw_aluminum_block":2,"immersiveengineering:circuit_table":1,"minecraft:mutton":5,"immersiveengineering:crate":4,"alltheores:raw_tin":38,"minecraft:white_wool":34,"railcraft:sulfur_dust":69,"ars_nouveau:source_gem":2,"minecraft:gold_ingot":3,"create_new_age:thorium":5,"minecraft:stone_axe":1,"minecraft:goat_horn":2,"mekanismtools:osmium_pickaxe":1,"minecraft:smooth_sandstone_stairs":2,"minecraft:wheat":9,"minecraft:stripped_dark_oak_log":2,"minecraft:rotten_flesh":17,"minecraft:grindstone":2,"enderio:dark_steel_ingot":1,"aether:leather_gloves":2,"immersiveengineering:craftingtable":1,"minecraft:white_bed":1,"quark:shale":10,"crafting_on_a_stick:crafting_table":1,"minecraft:leather_chestplate":2,"supplementaries:flax_seeds":6,"travelersbackpack:white_sleeping_bag":1,"mysticalagriculture:inferium_essence":5,"apotheosis:gem":4,"minecraft:chest":2,"minecraft:spruce_wood":1,"productivebees:sturdy_bee_cage":5,"farmersdelight:onion_crate":6,"minecraft:iron_bars":2,"minecraft:arrow":6,"minecraft:powered_rail":1,"minecraft:beef":13,"silentgear:dried_sinew":6,"minecraft:egg":1,"minecraft:enchanted_book":12,"minecraft:iron_ingot":10,"computercraft:computer_advanced":1,"minecraft:wheat_seeds":6,"minecraft:tnt":2,"enderio:wood_gear":4,"evilcraft:condensed_blood":44,"minecraft:minecart":2,"minecraft:yellow_terracotta":1,"minecraft:cobblestone":62,"minecraft:book":75,"evilcraft:dark_gem":5,"minecraft:granite":1,"pneumaticcraft:logistics_core":2,"advancedperipherals:energy_detector":1,"silentgear:flax_seeds":8,"advancedperipherals:player_detector":1,"silentgear:sinew":7,"minecraft:coal":80,"thermal:barley_seeds":1,"minecraft:stick":6,"irons_spellbooks:scroll":2,"tombstone:magic_scroll":1,"integrateddynamics:crystalized_menril_chunk":2,"forbidden_arcanus:spawner_scrap":1,"tombstone:grave_dust":2,"minecraft:fire_charge":1,"minecraft:potion":5,"advancedperipherals:geo_scanner":1,"farmersdelight:bacon":8,"alltheores:raw_aluminum":94,"tombstone:scroll_of_lightning_resistance":2,"potionsmaster:bezoar":2,"computercraft:turtle_normal":1,"minecraft:iron_shovel":2,"minecraft:string":5,"minecraft:lily_pad":3,"minecraft:spruce_sapling":1,"powah:uraninite_raw":5,"croptopia:yam_seed":4,"minecraft:redstone":1,"minecraft:pink_tulip":7,"minecraft:furnace":4,"minecraft:blue_terracotta":2,"minecraft:anvil":4,"minecraft:kelp":1,"enderio:broken_spawner":2,"artifacts:kitty_slippers":1,"minecraft:stone_sword":2,"twigs:roseate_seashell":1,"minecraft:experience_bottle":2,"minecraft:raw_iron":58,"integrateddynamics:menril_log":1,"theurgy:sal_ammoniac_crystal":3,"minecraft:light_gray_wool":6,"computercraft:speaker":1,"pneumaticcraft:ingot_iron_compressed":4,"minecraft:shears":2,"minecraft:pumpkin_seeds":5,"computercraft:monitor_normal":5,"minecraft:potato":27,"aether:chainmail_gloves":1,"minecraft:oak_boat":1,"minecraft:oak_sapling":7,"farmersdelight:minced_beef":10,"enderio:dark_steel_sword":2,"minecraft:barrel":3,"minecraft:spruce_log":41,"minecraft:bow":2,"minecraft:stone_pickaxe":2,"minecraft:wooden_pickaxe":1,"farmersdelight:ham":1,"minecraft:black_wool":4},"minecraft:used":{"minecraft:chest":4,"delightful:green_tea_leaf":1,"ironfurnaces:iron_furnace":1,"minecraft:furnace":5,"minecraft:egg":2,"minecraft:stone_pickaxe":202,"minecraft:wooden_pickaxe":16,"minecraft:sugar_cane":26,"enderio:dark_steel_sword":83,"waystones:waystone":1,"minecraft:lever":2,"minecraft:bread":3,"functionalstorage:oak_1":2,"minecraft:oak_boat":4,"minecraft:golden_pickaxe":33,"delightful:acorn":1,"minecraft:stone_sword":49,"potionsmaster:bezoar":11,"minecraft:torch":38,"minecraft:dirt":1,"minecraft:barrel":3,"silentgear:pickaxe":144,"tombstone:gift":1,"immersiveengineering:crate":4,"minecraft:cooked_beef":14,"minecraft:cooked_mutton":10,"minecraft:crafting_table":3,"minecraft:white_bed":1,"mekanismtools:osmium_pickaxe":267,"tombstone:bag_of_seeds":2,"minecraft:apple":5,"travelersbackpack:white_sleeping_bag":15,"tombstone:magic_scroll":1,"minecraft:stone_axe":97,"minecraft:cobblestone":19,"minecraft:bucket":1},"minecraft:mined":{"alltheores:raw_aluminum_block":5,"minecraft:white_bed":1,"minecraft:granite":1,"minecraft:grass_block":1,"railcraft:sulfur_ore":18,"twigs:twig":1,"minecraft:spawner":1,"biomesoplenty:tall_lavender":2,"minecraft:barrel":1,"minecraft:iron_ore":64,"minecraft:anvil":2,"minecraft:iron_bars":4,"minecraft:smooth_sandstone_stairs":2,"minecraft:spruce_wood":1,"biomesoplenty:jacaranda_leaves":1,"minecraft:torch":3,"minecraft:chest":1,"advancedperipherals:geo_scanner":1,"minecraft:cobblestone":1,"minecraft:grindstone":1,"minecraft:sugar_cane":12,"minecraft:wall_torch":7,"minecraft:seagrass":1,"minecraft:blue_terracotta":2,"minecraft:powered_rail":1,"alltheores:tin_ore":38,"minecraft:tnt":6,"integrateddynamics:menril_log_filled":1,"biomesoplenty:fir_log":8,"minecraft:stone_brick_stairs":1,"minecraft:grass":5,"minecraft:oak_log":23,"computercraft:speaker":1,"minecraft:dirt":4,"minecraft:dispenser":1,"immersiveengineering:workbench":1,"minecraft:yellow_terracotta":1,"quark:shale":10,"silentgear:wild_flax_plant":4,"minecraft:dark_oak_log":8,"computercraft:computer_advanced":1,"advancedperipherals:environment_detector":2,"create_new_age:thorium_ore":1,"minecraft:redstone_wire":1,"travelersbackpack:white_sleeping_bag":15,"computercraft:turtle_normal":1,"minecraft:furnace":6,"evilcraft:dark_ore":1,"minecraft:bookshelf":32,"minecraft:deepslate_iron_ore":8,"alltheores:aluminum_ore":96,"biomesoplenty:barley":3,"minecraft:stone":163,"immersiveengineering:craftingtable":1,"caupona:fig_log":1,"twigs:pebble":1,"minecraft:stripped_dark_oak_log":2,"minecraft:smooth_sandstone":2,"minecraft:crafting_table":2,"alltheores:nether_aluminum_ore":13,"minecraft:emerald_ore":1,"minecraft:tall_grass":2,"theurgy:sal_ammoniac_ore":3,"railcraft:deepslate_sulfur_ore":2,"minecraft:ice":2,"minecraft:spruce_log":6,"computercraft:monitor_normal":5,"immersiveengineering:circuit_table":1,"minecraft:coal_ore":172,"advancedperipherals:player_detector":1,"advancedperipherals:energy_detector":1,"immersiveengineering:crate":4},"minecraft:custom":{"lootr:looted_stat":55,"minecraft:interact_with_crafting_table":34,"minecraft:open_barrel":5,"minecraft:leave_game":6,"minecraft:time_since_death":255660,"minecraft:damage_resisted":0,"minecraft:sprint_one_cm":448784,"minecraft:drop":261,"minecraft:talked_to_villager":2,"minecraft:play_time":255660,"minecraft:jump":3513,"minecraft:walk_on_water_one_cm":28199,"minecraft:interact_with_furnace":77,"minecraft:interact_with_loom":2,"minecraft:sleep_in_bed":14,"minecraft:waystone_activated":2,"minecraft:damage_dealt":8666,"minecraft:crouch_one_cm":2806,"tombstone:undead_killed":8,"minecraft:inspect_dispenser":1,"minecraft:mob_kills":63,"minecraft:damage_dealt_resisted":0,"minecraft:climb_one_cm":3623,"minecraft:walk_one_cm":251363,"minecraft:sneak_time":1891,"minecraft:walk_under_water_one_cm":7143,"minecraft:boat_one_cm":12213,"minecraft:total_world_time":255660,"minecraft:time_since_rest":12214,"minecraft:damage_taken":1413,"tombstone:cast_on_ally":1,"minecraft:swim_one_cm":57512,"minecraft:fly_one_cm":1136629,"minecraft:open_chest":65,"minecraft:fall_one_cm":214599},"minecraft:broken":{"minecraft:stone_pickaxe":1,"minecraft:golden_pickaxe":1,"aether:leather_gloves":1},"minecraft:killed":{"minecraft:spider":3,"naturalist:snail":2,"minecraft:skeleton":1,"minecraft:pig":6,"naturalist:rhino":1,"minecraft:sheep":23,"minecraft:zombie":7,"minecraft:cow":11,"naturalist:lion":1,"minecraft:horse":6,"naturalist:giraffe":1,"ars_nouveau:drygmy":1},"minecraft:crafted":{"bigreactors:graphite_ingot":1,"minecraft:oak_planks":20,"mekanismtools:osmium_chestplate":1,"ironfurnaces:iron_furnace":1,"minecraft:cooked_mutton":18,"minecraft:chest":6,"silentgear:dried_sinew":5,"sophisticatedbackpacks:backpack":1,"minecraft:cooked_porkchop":8,"minecraft:crafting_table":2,"minecraft:wooden_pickaxe":1,"minecraft:string":6,"minecraft:diamond_pickaxe":1,"minecraft:stick":38,"minecraft:iron_ingot":30,"minecraft:stone_sword":1,"enderio:dark_steel_sword":1,"minecraft:wooden_sword":1,"minecraft:furnace":2,"travelersbackpack:white_sleeping_bag":2,"minecraft:stone_pickaxe":2,"mekanismtools:osmium_helmet":1,"dankstorage:dank_1":1,"functionalstorage:oak_1":2,"sophisticatedbackpacks:iron_backpack":1,"minecraft:cooked_beef":12,"ironfurnaces:upgrade_iron":1,"sophisticatedbackpacks:gold_backpack":1,"crafting_on_a_stick:crafting_table":2,"minecraft:stone_axe":2,"minecraft:air":216,"minecraft:oak_boat":3,"minecraft:white_bed":1,"minecraft:torch":24,"alltheores:raw_aluminum":3}},"DataVersion":3465}