{"stats":{"minecraft:used":{"minecraft:stone_sword":49,"minecraft:chest":1,"potionsmaster:bezoar":11,"minecraft:torch":20,"minecraft:dirt":1,"delightful:green_tea_leaf":1,"minecraft:furnace":3,"tombstone:gift":1,"minecraft:egg":2,"minecraft:cooked_beef":5,"minecraft:cooked_mutton":9,"minecraft:stone_pickaxe":202,"minecraft:wooden_pickaxe":16,"minecraft:crafting_table":3,"minecraft:white_bed":1,"tombstone:bag_of_seeds":2,"mekanismtools:osmium_pickaxe":22,"enderio:dark_steel_sword":4,"minecraft:lever":2,"minecraft:apple":5,"travelersbackpack:white_sleeping_bag":8,"tombstone:magic_scroll":1,"minecraft:stone_axe":35,"minecraft:cobblestone":15,"functionalstorage:oak_1":2,"minecraft:oak_boat":2,"minecraft:golden_pickaxe":33,"delightful:acorn":1},"minecraft:killed":{"minecraft:spider":1,"minecraft:horse":6,"minecraft:pig":4,"minecraft:sheep":20,"minecraft:zombie":1,"minecraft:cow":7},"minecraft:crafted":{"minecraft:oak_planks":20,"mekanismtools:osmium_chestplate":1,"minecraft:furnace":2,"minecraft:cooked_mutton":18,"travelersbackpack:white_sleeping_bag":2,"minecraft:stone_pickaxe":2,"minecraft:chest":3,"mekanismtools:osmium_helmet":1,"functionalstorage:oak_1":2,"silentgear:dried_sinew":5,"minecraft:cooked_beef":12,"minecraft:cooked_porkchop":8,"minecraft:crafting_table":2,"minecraft:wooden_pickaxe":1,"ironfurnaces:upgrade_iron":1,"crafting_on_a_stick:crafting_table":2,"minecraft:stone_axe":1,"minecraft:air":210,"minecraft:oak_boat":2,"minecraft:stick":30,"minecraft:stone_sword":1,"minecraft:white_bed":1,"enderio:dark_steel_sword":1,"minecraft:torch":20,"alltheores:raw_aluminum":3},"minecraft:dropped":{"minecraft:enchanted_book":5,"occultism:datura_seeds":2,"minecraft:porkchop":8,"minecraft:wheat_seeds":6,"minecraft:cooked_beef":6,"minecraft:minecart":2,"minecraft:cooked_porkchop":8,"enderio:loot_capacitor":1,"minecraft:cobblestone":32,"minecraft:leather":8,"silentgear:sinew":7,"minecraft:coal":21,"minecraft:leather_helmet":2,"paraglider:spirit_orb":2,"minecraft:dirt":4,"tombstone:grave_dust":2,"minecraft:fire_charge":1,"minecraft:lily_pad":3,"powah:uraninite_raw":5,"ars_nouveau:source_gem":2,"croptopia:yam_seed":4,"minecraft:redstone":1,"minecraft:furnace":1,"minecraft:stone_axe":1,"artifacts:kitty_slippers":1,"minecraft:stone_sword":2,"mekanismtools:osmium_pickaxe":1,"minecraft:stripped_dark_oak_log":2,"minecraft:rotten_flesh":1,"theurgy:sal_ammoniac_crystal":1,"enderio:dark_steel_ingot":1,"aether:leather_gloves":2,"minecraft:white_bed":1,"quark:shale":10,"minecraft:leather_chestplate":2,"crafting_on_a_stick:crafting_table":1,"travelersbackpack:white_sleeping_bag":1,"mysticalagriculture:inferium_essence":4,"minecraft:oak_boat":1,"minecraft:oak_sapling":2,"minecraft:spruce_wood":1,"enderio:dark_steel_sword":1,"minecraft:powered_rail":1,"minecraft:wooden_pickaxe":1,"minecraft:stone_pickaxe":2,"silentgear:dried_sinew":6,"minecraft:egg":1},"minecraft:custom":{"lootr:looted_stat":17,"minecraft:mob_kills":39,"minecraft:interact_with_crafting_table":18,"minecraft:damage_dealt_resisted":0,"minecraft:leave_game":4,"minecraft:time_since_death":135002,"minecraft:climb_one_cm":3076,"minecraft:damage_resisted":0,"minecraft:sprint_one_cm":243572,"minecraft:walk_one_cm":138726,"minecraft:drop":82,"minecraft:play_time":135002,"minecraft:sneak_time":1299,"minecraft:walk_under_water_one_cm":3882,"minecraft:boat_one_cm":12213,"minecraft:jump":1893,"minecraft:walk_on_water_one_cm":22874,"minecraft:total_world_time":135002,"minecraft:interact_with_furnace":43,"minecraft:interact_with_loom":1,"minecraft:sleep_in_bed":7,"minecraft:time_since_rest":13442,"minecraft:waystone_activated":1,"minecraft:damage_taken":921,"minecraft:damage_dealt":4854,"tombstone:cast_on_ally":1,"minecraft:swim_one_cm":28354,"minecraft:fly_one_cm":635395,"minecraft:open_chest":8,"minecraft:crouch_one_cm":2494,"tombstone:undead_killed":1,"minecraft:fall_one_cm":65145,"minecraft:inspect_dispenser":1},"minecraft:picked_up":{"alltheores:raw_aluminum_block":3,"alltheores:osmium_ingot":23,"minecraft:crafting_table":3,"minecraft:enchanted_book":8,"aether:leather_gloves":2,"silentgear:sinew":13,"minecraft:iron_leggings":1,"mysticalagriculture:inferium_essence":4,"delightful:acorn":1,"minecraft:beef":12,"minecraft:oak_boat":1,"minecraft:minecart":2,"minecraft:sugar_cane":25,"minecraft:light_gray_wool":1,"delightful:green_tea_leaf":1,"minecraft:egg":3,"minecraft:furnace":6,"minecraft:tipped_arrow":12,"minecraft:stick":3,"minecraft:raw_iron":12,"potionsmaster:bezoar":11,"minecraft:torch":3,"minecraft:porkchop":16,"tombstone:grave_dust":2,"minecraft:redstone":1,"croptopia:yam_seed":4,"minecraft:stone_sword":1,"minecraft:rotten_flesh":1,"minecraft:mutton":29,"minecraft:white_wool":17,"minecraft:cobblestone":150,"enderio:loot_capacitor":2,"occultism:datura_seeds":2,"minecraft:leather_chestplate":1,"minecraft:brown_wool":1,"minecraft:leather":17,"paraglider:spirit_orb":2,"minecraft:oak_log":20,"minecraft:lily_pad":3,"minecraft:dirt":5,"silentgear:dried_sinew":1,"tombstone:gift":1,"theurgy:sal_ammoniac_crystal":1,"minecraft:wheat_seeds":6,"minecraft:spruce_wood":1,"minecraft:stone_pickaxe":1,"enderio:dark_steel_sword":1,"minecraft:powered_rail":1,"twigs:twig":6,"croptopia:peanut_seed":3,"quark:shale":13,"sushigocrafting:cucumber_seeds":3,"powah:uraninite_raw":5,"minecraft:white_bed":1,"minecraft:leather_helmet":1,"travelersbackpack:white_sleeping_bag":8,"minecraft:lever":2,"alltheores:raw_aluminum":12,"mekanismtools:osmium_pickaxe":2,"minecraft:oak_sapling":2,"minecraft:black_wool":1,"minecraft:stripped_dark_oak_log":2,"minecraft:coal":108},"minecraft:mined":{"alltheores:raw_aluminum_block":3,"minecraft:white_bed":1,"quark:shale":10,"minecraft:grass_block":1,"minecraft:redstone_wire":1,"twigs:twig":1,"travelersbackpack:white_sleeping_bag":8,"minecraft:furnace":5,"minecraft:iron_ore":10,"minecraft:iron_bars":2,"biomesoplenty:barley":3,"minecraft:spruce_wood":1,"alltheores:aluminum_ore":2,"minecraft:stone":149,"minecraft:stripped_dark_oak_log":2,"minecraft:smooth_sandstone":2,"minecraft:crafting_table":2,"alltheores:nether_aluminum_ore":13,"minecraft:cobblestone":1,"theurgy:sal_ammoniac_ore":1,"minecraft:sugar_cane":11,"minecraft:wall_torch":3,"minecraft:seagrass":1,"minecraft:powered_rail":1,"minecraft:spruce_log":1,"minecraft:tnt":2,"minecraft:grass":3,"minecraft:oak_log":20,"minecraft:coal_ore":55,"minecraft:dirt":4,"minecraft:dispenser":1},"minecraft:broken":{"minecraft:stone_pickaxe":1,"minecraft:golden_pickaxe":1}},"DataVersion":3465}