{"stats":{"minecraft:custom":{"lootr:looted_stat":18,"minecraft:mob_kills":62,"minecraft:interact_with_crafting_table":22,"minecraft:damage_dealt_resisted":0,"minecraft:leave_game":5,"minecraft:time_since_death":188192,"minecraft:climb_one_cm":3076,"minecraft:damage_resisted":0,"minecraft:sprint_one_cm":346966,"minecraft:walk_one_cm":198683,"minecraft:drop":119,"minecraft:talked_to_villager":1,"minecraft:play_time":188192,"minecraft:sneak_time":1325,"minecraft:walk_under_water_one_cm":4161,"minecraft:boat_one_cm":12213,"minecraft:jump":2802,"minecraft:walk_on_water_one_cm":23748,"minecraft:total_world_time":188192,"minecraft:interact_with_furnace":52,"minecraft:interact_with_loom":1,"minecraft:sleep_in_bed":10,"minecraft:time_since_rest":23520,"minecraft:waystone_activated":1,"minecraft:damage_taken":1382,"minecraft:damage_dealt":8382,"tombstone:cast_on_ally":1,"minecraft:swim_one_cm":33215,"minecraft:fly_one_cm":919889,"minecraft:open_chest":25,"minecraft:crouch_one_cm":2511,"tombstone:undead_killed":8,"minecraft:fall_one_cm":147921,"minecraft:inspect_dispenser":1},"minecraft:picked_up":{"alltheores:raw_aluminum_block":3,"alltheores:osmium_ingot":23,"minecraft:crafting_table":3,"create_new_age:thorium":5,"minecraft:enchanted_book":10,"aether:leather_gloves":2,"silentgear:sinew":16,"minecraft:string":8,"minecraft:iron_leggings":1,"reliquary:chelicerae":1,"mysticalagriculture:inferium_essence":4,"reliquary:zombie_heart":1,"twigs:pebble":2,"delightful:acorn":1,"minecraft:beef":26,"minecraft:oak_boat":1,"delightful:green_tea_leaf":1,"minecraft:light_gray_wool":1,"minecraft:minecart":2,"minecraft:sugar_cane":26,"minecraft:furnace":10,"minecraft:egg":3,"minecraft:tipped_arrow":12,"minecraft:stick":3,"minecraft:raw_iron":118,"railcraft:sulfur_dust":135,"potionsmaster:bezoar":13,"minecraft:torch":3,"minecraft:porkchop":20,"tombstone:grave_dust":2,"minecraft:redstone":1,"croptopia:yam_seed":4,"minecraft:tnt":2,"minecraft:stone_sword":1,"minecraft:rotten_flesh":5,"minecraft:pink_tulip":7,"minecraft:gold_ingot":1,"minecraft:mutton":39,"minecraft:white_wool":19,"minecraft:cobblestone":190,"enderio:loot_capacitor":2,"silentgear:flax_seeds":8,"occultism:datura_seeds":2,"minecraft:leather_chestplate":1,"minecraft:brown_wool":1,"minecraft:leather":21,"paraglider:spirit_orb":2,"minecraft:smooth_sandstone_stairs":2,"minecraft:oak_log":20,"minecraft:lily_pad":3,"minecraft:dirt":5,"silentgear:dried_sinew":1,"tombstone:gift":1,"alltheores:raw_tin":28,"theurgy:sal_ammoniac_crystal":3,"minecraft:wheat_seeds":6,"minecraft:iron_ingot":3,"minecraft:spruce_wood":1,"minecraft:stone_pickaxe":1,"enderio:dark_steel_sword":1,"minecraft:powered_rail":1,"twigs:twig":6,"minecraft:book":21,"croptopia:peanut_seed":3,"quark:shale":13,"sushigocrafting:cucumber_seeds":3,"powah:uraninite_raw":5,"minecraft:white_bed":1,"minecraft:spruce_log":2,"minecraft:leather_helmet":1,"travelersbackpack:white_sleeping_bag":11,"minecraft:bundle":1,"minecraft:lever":2,"alltheores:raw_aluminum":88,"evilcraft:dark_gem":5,"minecraft:granite":1,"mekanismtools:osmium_pickaxe":2,"minecraft:emerald":1,"tombstone:magic_scroll":2,"minecraft:oak_sapling":2,"minecraft:black_wool":1,"minecraft:stripped_dark_oak_log":2,"minecraft:coal":170},"minecraft:dropped":{"minecraft:enchanted_book":7,"minecraft:iron_ingot":3,"occultism:datura_seeds":2,"minecraft:porkchop":10,"minecraft:wheat_seeds":6,"minecraft:cooked_beef":6,"minecraft:tnt":2,"minecraft:minecart":2,"minecraft:cooked_porkchop":8,"enderio:loot_capacitor":1,"minecraft:cobblestone":62,"minecraft:leather":8,"minecraft:granite":1,"evilcraft:dark_gem":5,"silentgear:flax_seeds":8,"silentgear:sinew":7,"minecraft:coal":21,"minecraft:leather_helmet":2,"paraglider:spirit_orb":2,"twigs:pebble":2,"minecraft:dirt":4,"tombstone:magic_scroll":1,"minecraft:mutton":5,"minecraft:fire_charge":1,"tombstone:grave_dust":2,"alltheores:raw_aluminum":6,"potionsmaster:bezoar":2,"alltheores:raw_tin":14,"minecraft:string":5,"minecraft:lily_pad":3,"minecraft:white_wool":2,"minecraft:gold_ingot":1,"railcraft:sulfur_dust":69,"powah:uraninite_raw":5,"minecraft:pink_tulip":7,"ars_nouveau:source_gem":2,"croptopia:yam_seed":4,"minecraft:redstone":1,"minecraft:furnace":4,"create_new_age:thorium":5,"minecraft:stone_axe":1,"artifacts:kitty_slippers":1,"minecraft:stone_sword":2,"mekanismtools:osmium_pickaxe":1,"minecraft:smooth_sandstone_stairs":2,"minecraft:raw_iron":53,"minecraft:stripped_dark_oak_log":2,"minecraft:rotten_flesh":5,"theurgy:sal_ammoniac_crystal":3,"enderio:dark_steel_ingot":1,"aether:leather_gloves":2,"minecraft:white_bed":1,"quark:shale":10,"minecraft:leather_chestplate":2,"crafting_on_a_stick:crafting_table":1,"travelersbackpack:white_sleeping_bag":1,"mysticalagriculture:inferium_essence":4,"minecraft:oak_boat":1,"minecraft:oak_sapling":2,"minecraft:spruce_wood":1,"enderio:dark_steel_sword":1,"minecraft:beef":7,"minecraft:powered_rail":1,"minecraft:wooden_pickaxe":1,"minecraft:stone_pickaxe":2,"silentgear:dried_sinew":6,"minecraft:egg":1},"minecraft:broken":{"minecraft:stone_pickaxe":1,"minecraft:golden_pickaxe":1,"aether:leather_gloves":1},"minecraft:mined":{"alltheores:raw_aluminum_block":3,"minecraft:white_bed":1,"silentgear:wild_flax_plant":4,"quark:shale":10,"minecraft:granite":1,"minecraft:grass_block":1,"railcraft:sulfur_ore":18,"create_new_age:thorium_ore":1,"minecraft:redstone_wire":1,"twigs:twig":1,"travelersbackpack:white_sleeping_bag":11,"biomesoplenty:tall_lavender":2,"minecraft:furnace":6,"minecraft:iron_ore":55,"evilcraft:dark_ore":1,"minecraft:bookshelf":7,"minecraft:deepslate_iron_ore":8,"minecraft:iron_bars":2,"minecraft:smooth_sandstone_stairs":2,"biomesoplenty:barley":3,"minecraft:spruce_wood":1,"alltheores:aluminum_ore":72,"minecraft:stone":159,"biomesoplenty:jacaranda_leaves":1,"twigs:pebble":1,"minecraft:stripped_dark_oak_log":2,"minecraft:smooth_sandstone":2,"minecraft:crafting_table":2,"alltheores:nether_aluminum_ore":13,"minecraft:emerald_ore":1,"minecraft:tall_grass":2,"minecraft:cobblestone":1,"theurgy:sal_ammoniac_ore":3,"minecraft:sugar_cane":12,"railcraft:deepslate_sulfur_ore":2,"minecraft:wall_torch":3,"minecraft:seagrass":1,"minecraft:powered_rail":1,"minecraft:spruce_log":3,"alltheores:tin_ore":14,"minecraft:tnt":4,"minecraft:grass":5,"minecraft:oak_log":20,"minecraft:coal_ore":117,"minecraft:dirt":4,"minecraft:dispenser":1},"minecraft:crafted":{"minecraft:oak_planks":20,"mekanismtools:osmium_chestplate":1,"minecraft:furnace":2,"minecraft:cooked_mutton":18,"travelersbackpack:white_sleeping_bag":2,"minecraft:stone_pickaxe":2,"minecraft:chest":5,"mekanismtools:osmium_helmet":1,"sophisticatedbackpacks:iron_backpack":1,"functionalstorage:oak_1":2,"silentgear:dried_sinew":5,"minecraft:cooked_beef":12,"sophisticatedbackpacks:backpack":1,"minecraft:cooked_porkchop":8,"minecraft:crafting_table":2,"minecraft:wooden_pickaxe":1,"ironfurnaces:upgrade_iron":1,"sophisticatedbackpacks:gold_backpack":1,"crafting_on_a_stick:crafting_table":2,"minecraft:stone_axe":1,"minecraft:air":212,"minecraft:oak_boat":2,"minecraft:string":6,"minecraft:diamond_pickaxe":1,"minecraft:stick":34,"minecraft:iron_ingot":30,"minecraft:stone_sword":1,"minecraft:white_bed":1,"enderio:dark_steel_sword":1,"minecraft:torch":24,"alltheores:raw_aluminum":3},"minecraft:killed":{"naturalist:lion":1,"minecraft:spider":3,"naturalist:snail":2,"minecraft:skeleton":1,"minecraft:horse":6,"naturalist:giraffe":1,"minecraft:pig":6,"naturalist:rhino":1,"minecraft:sheep":23,"minecraft:zombie":7,"minecraft:cow":11},"minecraft:used":{"minecraft:stone_sword":49,"minecraft:chest":2,"potionsmaster:bezoar":11,"minecraft:torch":28,"minecraft:dirt":1,"delightful:green_tea_leaf":1,"minecraft:furnace":5,"tombstone:gift":1,"minecraft:egg":2,"minecraft:cooked_beef":12,"minecraft:cooked_mutton":9,"minecraft:stone_pickaxe":202,"minecraft:wooden_pickaxe":16,"minecraft:sugar_cane":26,"minecraft:crafting_table":3,"minecraft:white_bed":1,"enderio:dark_steel_sword":75,"mekanismtools:osmium_pickaxe":266,"tombstone:bag_of_seeds":2,"minecraft:lever":2,"minecraft:apple":5,"travelersbackpack:white_sleeping_bag":11,"tombstone:magic_scroll":1,"minecraft:stone_axe":35,"minecraft:cobblestone":15,"functionalstorage:oak_1":2,"minecraft:oak_boat":2,"minecraft:golden_pickaxe":33,"delightful:acorn":1}},"DataVersion":3465}